{"NZ_CP024192_1": 0.9079521, "NZ_CP009776_1": 0.9012016, "NC_021660_2": 0.9818687, "NC_021622_1": 0.964495, "NZ_CP010149_1": 0.9012016, "NZ_CP007558_1": 0.9122494, "NC_024967_1": 0.9672773, "NC_032101_1": 0.9710439, "NZ_KX154765_1": 0.9796541, "NC_009980_1": 0.9519646, "NC_019098_1": 0.9608989, "NZ_CP018977_1": 0.9805009, "NC_023323_1": 0.9389293, "NZ_CP010174_1": 0.9079521, "NZ_CP008908_1": 0.9718653, "NZ_CP020059_1": 0.964495, "NC_022885_1": 0.9151986, "NZ_CP016035_1": 0.9044063, "NZ_CP007732_1": 0.9085145, "NZ_CP011617_1": 0.9096169000000001, "NZ_CP011639_1": 0.9005302, "NC_019033_1": 0.9621883, "NZ_CP023950_1": 0.9306766, "NZ_CP012428_1": 0.9037847, "NZ_CP018945_1": 0.9712286, "NC_024974_1": 0.9648433, "NC_021664_2": 0.9811325, "NZ_CP009864_1": 0.969323, "NZ_CP018960_1": 0.9079521, "NZ_CP024194_1": 0.9170511, "NC_023314_1": 0.9322371, "NZ_CP018669_1": 0.9132566, "NC_019082_1": 0.9600982, "NZ_CP014524_1": 0.969125, "NZ_CP016919_1": 0.9280371000000001, "NC_025183_1": 0.9680103, "NZ_CP018737_1": 0.9183862, "NZ_CP013143_1": 0.9073818, "NZ_CP007636_1": 0.9031537000000001, "NZ_CP019026_1": 0.976398, "NZ_CP021712_1": 0.9280371000000001, "NZ_CP021688_1": 0.9381568, "NZ_CP018448_1": 0.9151986, "NC_011385_1": 0.9727496, "NZ_CP020066_1": 0.9667419, "NZ_CP017930_1": 0.9106904, "NZ_CP006801_1": 0.9280371000000001, "NZ_CP018959_1": 0.9744345, "NC_014368_1": 0.969323, "NZ_CP015991_1": 0.9297082, "NZ_CP010164_1": 0.9068036, "NC_003292_1": 0.964495, "NZ_CP021698_1": 0.9151986, "NC_025141_1": 0.9396855, "NZ_KX276209_1": 0.9818687, "NZ_CP023894_1": 0.9663063, "NZ_CP018819_1": 0.9262895, "NZ_CP020856_1": 0.9252015, "NC_020088_1": 0.9598266, "NC_016839_1": 0.9137509, "NC_013122_1": 0.9012016, "NC_019063_1": 0.9025131, "NC_019783_1": 0.9142392, "NC_021576_1": 0.9132566, "NZ_CP022146_1": 0.9127561, "NZ_CP021761_1": 0.9306766, "NZ_CP011576_1": 0.9085145, "NC_021811_1": 0.9025131, "NZ_CP010138_1": 0.9137509, "NZ_CP009874_1": 0.9694215, "NC_025185_1": 0.9161355, "NZ_CP023926_1": 0.9142392, "NC_019889_1": 0.9025131, "NZ_CP008901_1": 0.9718653, "NC_009132_1": 0.9664158, "NZ_CP023875_1": 0.9300337, "NC_007682_3": 0.9614213, "NC_023909_1": 0.9753957, "NZ_CP009853_1": 0.972923, "NC_014208_1": 0.9649585, "NZ_CP011589_1": 0.9688254, "NC_020086_1": 0.9623143, "NZ_CP017086_1": 0.9213372, "NZ_CP019009_1": 0.9096169000000001, "NZ_CP021899_1": 0.9642605, "NZ_CP018999_1": 0.9031537000000001, "NC_014231_1": 0.9611612, "NZ_CP009881_1": 0.9719551, "NZ_CP009116_1": 0.9252015, "NZ_CP006662_2": 0.9262895, "NC_019087_1": 0.9606344, "NC_019368_1": 0.9328436, "NC_022374_1": 0.9732665, "NZ_CP019006_1": 0.9722225, "NZ_CP009773_1": 0.9156698, "NZ_CP021778_1": 0.9161355, "NZ_CP021953_1": 0.9248319, "NC_021180_1": 0.9018625, "NC_023910_1": 0.9757858, "NC_022375_1": 0.9647276, "NZ_CP009862_1": 0.9657523, "NC_010886_1": 0.9170511, "NC_011617_1": 0.9689256, "NZ_LT904889_1": 0.9037847, "NZ_CP009858_1": 0.9718653, "NZ_CP009867_1": 0.9705766, "NZ_CP018954_1": 0.9037847, "NC_004464_2": 0.9101570999999999, "NZ_CP018451_1": 0.9151986, "NZ_CP008824_1": 0.9079521, "NZ_CP011596_1": 0.9096169000000001, "NZ_CP014498_1": 0.9005302, "NZ_CP014297_1": 0.9050187, "NZ_CP023145_1": 0.9037847, "NZ_CP018982_1": 0.9073818, "NZ_CP022696_1": 0.9012016, "NZ_CP015389_1": 0.9650732, "NZ_CP022157_1": 0.9538311, "NZ_CP008798_1": 0.9221413, "NZ_CP017084_1": 0.9005302, "NZ_CP017083_1": 0.9252015, "NC_014385_1": 0.9411517, "NC_021199_1": 0.9031537000000001, "NZ_CP014648_1": 0.9161355, "NZ_CP020119_1": 0.9625646, "NC_019984_1": 0.9090694, "NZ_CP016925_1": 0.9117363, "NZ_CP023816_1": 0.9044063, "NZ_CP017059_1": 0.9233172000000001, "NC_025019_1": 0.9678028, "NC_021238_1": 0.9498002, "NZ_CP006926_1": 0.9161355, "NC_006816_1": 0.9213372, "NC_019888_1": 0.9651875, "NC_009131_1": 0.9674887, "NZ_CP018963_1": 0.9818687, "NZ_KX062091_1": 0.9809448, "NC_011383_1": 0.9719551, "NC_019124_1": 0.9572684, "NZ_CP022533_1": 0.9018625, "NZ_CP021734_1": 0.949986, "NC_015599_1": 0.9646115, "NZ_CP017725_1": 0.9610304, "NC_025186_1": 0.9707645, "NZ_CP018442_1": 0.9574162, "NZ_CP019220_1": 0.9151986, "NZ_CP021937_1": 0.9073818, "NC_019983_1": 0.9137509, "NZ_LT838197_1": 0.9818083, "NC_019389_1": 0.9050187, "NZ_KX397572_1": 0.9818083, "NZ_CP014299_1": 0.9322371}