{"NZ_CP016925_1": [0.9117363, 0.85, "contig1"], "NZ_CP009116_1": [0.9252015, 0.916, "contig2"], "NZ_CP010174_1": [0.9079521, 0.978, "contig3"], "NZ_CP023145_1": [0.9037847, 0.071, "contig4"], "NC_019888_1": [0.9651875, 0.317, "contig5"], "NC_019124_1": [0.9572684, 0.256, "contig6"], "NZ_CP019006_1": [0.9722225, 0.387, "contig7"], "NZ_CP016919_1": [0.9280371000000001, 0.124, "contig8"], "NC_032101_1": [0.9710439, 0.374, "contig9"], "NC_021622_1": [0.964495, 0.311, "contig10"], "NC_019983_1": [0.9137509, 0.089, "contig11"], "NZ_CP007558_1": [0.9122494, 0.086, "contig12"], "NZ_CP010149_1": [0.9012016, 0.067, "contig13"], "NZ_CP009773_1": [0.9156698, 0.093, "contig14"], "NC_022374_1": [0.9732665, 0.399, "contig15"], "NZ_CP011596_1": [0.9096169000000001, 0.081, "contig16"], "NC_021664_2": [0.9811325, 0.507, "contig17"], "NZ_CP023894_1": [0.9663063, 0.327, "contig18"], "NZ_CP021698_1": [0.9151986, 0.092, "contig19"], "NC_024967_1": [0.9672773, 0.336, "contig20"]}