{"NC_019102_1": [0.9012016, 0.967], "NZ_CP018108_1": [0.9127561, 0.987], "NC_013363_1": [0.9090694, 0.98], "NZ_CP016513_1": [0.9117363, 0.085], "NZ_CP016009_1": [0.9450034, 0.187], "NC_025004_1": [0.9012016, 0.067], "NZ_CP018120_1": [0.9127561, 0.087], "NC_002809_1": [0.9117363, 0.085], "NZ_CP019025_1": [0.9090694, 0.08], "NC_008488_1": [0.9175011, 0.097], "NC_002487_1": [0.9209289, 0.105], "NZ_CP017722_1": [0.9175011, 0.097], "NC_017655_1": [0.9101570999999999, 0.082], "NZ_CP014319_1": [0.9127561, 0.087], "NC_003079_1": [0.9031537000000001, 0.07], "NC_019250_1": [0.9101570999999999, 0.082], "NC_017721_1": [0.9037847, 0.071], "NZ_CP018114_1": [0.9127561, 0.087], "NC_019078_1": [0.9073818, 0.077], "NC_017654_1": [0.9018625, 0.068], "NC_025178_1": [0.9090694, 0.08], "NZ_CP010203_1": [0.9068036, 0.076], "NZ_CP014198_2": [0.9175011, 0.097], "NZ_CP018985_1": [0.9127561, 0.087], "NZ_CP010175_1": [0.9090694, 0.08], "NZ_CP016039_1": [0.9073818, 0.077], "NZ_CP011138_1": [0.9122494, 0.086], "NC_011799_1": [0.9090694, 0.08], "NZ_CP010224_1": [0.9165959, 0.095], "NZ_CP016519_1": [0.9101570999999999, 0.082], "NZ_CP012628_1": [0.9096169000000001, 0.081], "NC_014235_1": [0.9073818, 0.077], "NZ_CP010216_1": [0.9165959, 0.095], "NC_009791_1": [0.9079521, 0.078], "NZ_CP010199_1": [0.9151986, 0.092], "NZ_CP018943_1": [0.9096169000000001, 0.081], "NZ_CP018126_1": [0.9127561, 0.087], "NC_017321_1": [0.9106904, 0.083], "NZ_CP010211_1": [0.9156698, 0.093], "NC_019357_1": [0.9005302, 0.066], "NC_010672_1": [0.9413904, 0.171], "NC_019136_1": [0.9101570999999999, 0.082], "NZ_CP010128_1": [0.9360126, 0.15], "NC_020251_1": [0.9142392, 0.09], "NC_019076_1": [0.9018625, 0.068], "NZ_CP015917_1": [0.9096169000000001, 0.081], "NZ_CP016584_1": [0.9117363, 0.085], "NC_001371_1": [0.9050187, 0.073], "NC_010485_1": [0.9509, 0.217], "NZ_CP017845_1": [0.9112167, 0.084], "NC_022662_1": [0.9127561, 0.087], "NC_018997_1": [0.9073818, 0.077], "NZ_CP010188_1": [0.9156698, 0.093]}
