{"NZ_CP016925_1": [0.9117363, 0.85], "NZ_CP009116_1": [0.9252015, 0.916], "NZ_CP010174_1": [0.9079521, 0.978], "NZ_CP023145_1": [0.9037847, 0.071], "NC_019888_1": [0.9651875, 0.317], "NC_019124_1": [0.9572684, 0.256], "NZ_CP019006_1": [0.9722225, 0.387], "NZ_CP016919_1": [0.9280371000000001, 0.124], "NC_032101_1": [0.9710439, 0.374], "NC_021622_1": [0.964495, 0.311], "NC_019983_1": [0.9137509, 0.089], "NZ_CP007558_1": [0.9122494, 0.086], "NZ_CP010149_1": [0.9012016, 0.067], "NZ_CP009773_1": [0.9156698, 0.093], "NC_022374_1": [0.9732665, 0.399], "NZ_CP011596_1": [0.9096169000000001, 0.081], "NC_021664_2": [0.9811325, 0.507], "NZ_CP023894_1": [0.9663063, 0.327], "NZ_CP021698_1": [0.9151986, 0.092], "NC_024967_1": [0.9672773, 0.336], "NZ_CP024192_1": [0.9079521, 0.078], "NZ_CP023875_1": [0.9300337, 0.13], "NZ_KX062091_1": [0.9809448, 0.504], "NZ_CP011576_1": [0.9085145, 0.079], "NZ_CP009853_1": [0.972923, 0.395], "NC_007682_3": [0.9614213, 0.286], "NZ_CP014524_1": [0.969125, 0.354], "NC_014231_1": [0.9611612, 0.284], "NZ_LT904889_1": [0.9037847, 0.071], "NZ_CP009874_1": [0.9694215, 0.357], "NZ_CP021937_1": [0.9073818, 0.077], "NZ_CP019220_1": [0.9151986, 0.092], "NZ_CP017083_1": [0.9252015, 0.116], "NZ_CP015991_1": [0.9297082, 0.129], "NC_014368_1": [0.969323, 0.356], "NC_011385_1": [0.9727496, 0.393], "NZ_CP008798_1": [0.9221413, 0.108], "NC_019098_1": [0.9608989, 0.282], "NC_023909_1": [0.9753957, 0.425], "NC_025185_1": [0.9161355, 0.094], "NZ_CP008824_1": [0.9079521, 0.078], "NZ_KX276209_1": [0.9818687, 0.519], "NZ_CP018954_1": [0.9037847, 0.071], "NZ_CP018960_1": [0.9079521, 0.078], "NC_023910_1": [0.9757858, 0.43], "NZ_CP023816_1": [0.9044063, 0.072], "NZ_CP019026_1": [0.976398, 0.438], "NZ_CP017084_1": [0.9005302, 0.066], "NC_021811_1": [0.9025131, 0.069], "NZ_CP021712_1": [0.9280371000000001, 0.124], "NZ_CP018448_1": [0.9151986, 0.092], "NZ_CP008901_1": [0.9718653, 0.383], "NC_013122_1": [0.9012016, 0.067], "NZ_KX154765_1": [0.9796541, 0.484], "NZ_CP017086_1": [0.9213372, 0.106], "NZ_CP009864_1": [0.969323, 0.356], "NC_019082_1": [0.9600982, 0.276], "NZ_CP018451_1": [0.9151986, 0.092], "NZ_CP022533_1": [0.9018625, 0.068], "NC_019984_1": [0.9090694, 0.08], "NZ_CP011617_1": [0.9096169000000001, 0.081], "NC_009132_1": [0.9664158, 0.328], "NC_019783_1": [0.9142392, 0.09], "NC_021660_2": [0.9818687, 0.519], "NC_021238_1": [0.9498002, 0.211], "NZ_CP011639_1": [0.9005302, 0.066], "NZ_CP017930_1": [0.9106904, 0.083], "NC_019063_1": [0.9025131, 0.069], "NZ_CP014648_1": [0.9161355, 0.094], "NC_019889_1": [0.9025131, 0.069], "NZ_CP018945_1": [0.9712286, 0.376], "NZ_CP018669_1": [0.9132566, 0.088], "NZ_CP020066_1": [0.9667419, 0.331], "NZ_CP017725_1": [0.9610304, 0.283], "NZ_CP015389_1": [0.9650732, 0.316], "NZ_CP021688_1": [0.9381568, 0.158], "NZ_CP011589_1": [0.9688254, 0.351], "NC_020088_1": [0.9598266, 0.274], "NC_020086_1": [0.9623143, 0.293], "NZ_CP018737_1": [0.9183862, 0.099], "NZ_CP022696_1": [0.9012016, 0.067], "NC_019087_1": [0.9606344, 0.28], "NC_022885_1": [0.9151986, 0.092], "NZ_CP017059_1": [0.9233172000000001, 0.111], "NC_021576_1": [0.9132566, 0.088], "NC_022375_1": [0.9647276, 0.313], "NZ_CP018819_1": [0.9262895, 0.119], "NC_014208_1": [0.9649585, 0.315], "NC_021180_1": [0.9018625, 0.068], "NZ_CP022157_1": [0.9538311, 0.234], "NC_019389_1": [0.9050187, 0.073], "NC_019033_1": [0.9621883, 0.292], "NZ_CP018977_1": [0.9805009, 0.497], "NC_014385_1": [0.9411517, 0.17], "NC_004464_2": [0.9101570999999999, 0.082], "NC_025141_1": [0.9396855, 0.164], "NZ_CP021899_1": [0.9642605, 0.309], "NZ_CP009867_1": [0.9705766, 0.369], "NZ_CP009881_1": [0.9719551, 0.384], "NZ_CP014498_1": [0.9005302, 0.066], "NZ_CP018982_1": [0.9073818, 0.077], "NZ_CP018442_1": [0.9574162, 0.257], "NZ_CP022146_1": [0.9127561, 0.087], "NC_009980_1": [0.9519646, 0.223], "NZ_CP007636_1": [0.9031537000000001, 0.07], "NC_011383_1": [0.9719551, 0.384], "NZ_CP019009_1": [0.9096169000000001, 0.081], "NZ_CP021778_1": [0.9161355, 0.094], "NZ_CP009858_1": [0.9718653, 0.383], "NC_010886_1": [0.9170511, 0.096], "NC_025186_1": [0.9707645, 0.371], "NZ_CP020856_1": [0.9252015, 0.116], "NZ_CP006801_1": [0.9280371000000001, 0.124], "NC_011617_1": [0.9689256, 0.352], "NZ_CP006662_2": [0.9262895, 0.119], "NZ_CP018963_1": [0.9818687, 0.519], "NZ_CP018959_1": [0.9744345, 0.413], "NC_016839_1": [0.9137509, 0.089], "NZ_CP018999_1": [0.9031537000000001, 0.07], "NC_025019_1": [0.9678028, 0.341], "NZ_CP014297_1": [0.9050187, 0.073], "NZ_CP010164_1": [0.9068036, 0.076], "NZ_CP024194_1": [0.9170511, 0.096], "NC_015599_1": [0.9646115, 0.312], "NZ_CP020059_1": [0.964495, 0.311], "NC_023314_1": [0.9322371, 0.137], "NC_009131_1": [0.9674887, 0.338], "NZ_CP006926_1": [0.9161355, 0.094], "NZ_CP021734_1": [0.949986, 0.212], "NC_021199_1": [0.9031537000000001, 0.07], "NZ_CP012428_1": [0.9037847, 0.071], "NZ_CP023950_1": [0.9306766, 0.132], "NZ_CP008908_1": [0.9718653, 0.383], "NC_019368_1": [0.9328436, 0.139], "NC_024974_1": [0.9648433, 0.314], "NZ_CP023926_1": [0.9142392, 0.09], "NC_003292_1": [0.964495, 0.311], "NZ_CP021761_1": [0.9306766, 0.132], "NZ_CP007732_1": [0.9085145, 0.079], "NC_006816_1": [0.9213372, 0.106], "NZ_CP013143_1": [0.9073818, 0.077], "NZ_CP010138_1": [0.9137509, 0.089], "NZ_LT838197_1": [0.9818083, 0.518], "NZ_CP014299_1": [0.9322371, 0.137], "NZ_CP021953_1": [0.9248319, 0.115], "NC_023323_1": [0.9389293, 0.161], "NC_025183_1": [0.9680103, 0.343], "NZ_CP016035_1": [0.9044063, 0.072], "NZ_CP009862_1": [0.9657523, 0.322], "NZ_CP009776_1": [0.9012016, 0.067], "NZ_CP020119_1": [0.9625646, 0.295], "NZ_KX397572_1": [0.9818083, 0.518]}