{"NC_019102_1": [0.9012016, 0.967, "contig1"], "NZ_CP018108_1": [0.9127561, 0.987, "contig2"], "NC_013363_1": [0.9090694, 0.98, "contig3"], "NZ_CP016513_1": [0.9117363, 0.085, "contig4"], "NZ_CP016009_1": [0.9450034, 0.187, "contig5"], "NC_025004_1": [0.9012016, 0.067, "contig6"], "NZ_CP018120_1": [0.9127561, 0.087, "contig7"], "NC_002809_1": [0.9117363, 0.085, "contig8"], "NZ_CP019025_1": [0.9090694, 0.08, "contig9"], "NC_008488_1": [0.9175011, 0.097, "contig10"], "NC_002487_1": [0.9209289, 0.105, "contig11"], "NZ_CP017722_1": [0.9175011, 0.097, "contig12"], "NC_017655_1": [0.9101570999999999, 0.082, "contig13"], "NZ_CP014319_1": [0.9127561, 0.087, "contig14"], "NC_003079_1": [0.9031537000000001, 0.07, "contig15"], "NC_019250_1": [0.9101570999999999, 0.082, "contig16"], "NC_017721_1": [0.9037847, 0.071, "contig17"], "NZ_CP018114_1": [0.9127561, 0.087, "contig18"], "NC_019078_1": [0.9073818, 0.077, "contig20"], "NC_017654_1": [0.9018625, 0.068, "contig19"]}
