{"NZ_CP021778_1": 0.7684470944696938, "NG_048171_1": 0.6337828246983677, "NZ_CP012732_1": 0.6765499722156069, "NG_050417_1": 0.9430449069003286, "NG_048170_1": 0.6365576102418208, "NC_019129_1": 0.6165439023638549, "NZ_CP010135_1": 0.7526171580774395, "NZ_CP009773_1": 0.7225263826073157, "NZ_CP023373_1": 0.7571738298686392, "NZ_CP016520_1": 0.7511779296599981, "NZ_CP021900_1": 0.7569074698339687, "NG_050260_1": 0.6520854526958291, "NZ_CP015977_1": 0.9745375930819121, "NC_025185_1": 0.7229344342441197, "NC_022105_1": 0.6865397130811239, "NG_050236_1": 0.7398373983739838, "NG_047586_1": 0.6162790697674418, "NG_048173_1": 0.6251778093883357, "NG_052436_1": 0.6127401415571284, "NZ_CP015387_1": 0.8282606676052111, "NC_011410_1": 0.7521333754740834, "NZ_CP016550_1": 0.9301136935305363, "NG_048117_1": 0.634936211972522, "NZ_CP019692_1": 0.6360195552751932, "NZ_CP011293_1": 0.7440338961929092, "NZ_CP018815_1": 0.8369038601706421, "NG_048156_1": 0.6513056835637481, "NG_048152_1": 0.6071428571428571, "NG_050302_1": 0.8722415795586528, "NG_052861_1": 0.9627601314348302, "NZ_CP017246_1": 0.9348994055784179, "NG_047712_1": 0.9020771513353115, "NC_019054_1": 0.8371712767407004, "NG_048161_1": 0.8271692745376956, "NC_025180_1": 0.7326757007362059, "NZ_CP018773_2": 0.9775702618304107, "NG_051170_1": 0.975355969331873, "NG_050145_1": 0.6050895381715363, "NZ_CP019908_1": 0.9859176074945952, "NG_050284_1": 0.6368366285119667, "NZ_CP006926_1": 0.7229887555000272, "NC_025131_1": 0.8365954223565646, "NG_052893_1": 0.9112814895947426, "NZ_CP019906_1": 0.9336258913878223, "NG_048162_1": 0.6109530583214794, "NZ_CP011290_1": 0.7428500218082124, "NG_050238_1": 0.7142857142857143, "NC_019049_1": 1.0, "NZ_CP021680_1": 0.7285273444196811, "NZ_CP021735_1": 0.7566504013851724, "NC_024976_1": 0.750991586874183, "NC_024986_1": 0.6090662533901589, "NG_050299_1": 0.6126315789473684, "NZ_CP010363_1": 0.8239829642492194}